Model,Test_RMSE,Test_MAE,Test_R2,Test_MAPE
Linear Regression,5011.236859851257,3789.03982430597,-0.029388313948697453,4.650946940499436
Ridge Regression,5692.6258593363655,4508.967334591076,-0.328356530750195,5.549949699321467
Lasso Regression,5187.945811343468,4027.2554913583513,-0.10326600146533971,4.955576082658018
Random Forest,7855.028666425124,6769.858633302343,-1.5292101807945726,8.052015006833003
Gradient Boosting,7752.435870451012,6698.127229442809,-1.4635747114172455,7.978790915409542
Support Vector Regression,20117.043667632723,19435.132722094415,-15.588903849441703,23.54319277210857
